{
  "Bots": {
    "precision": 0.0,
    "recall": 0.0,
    "f1-score": 0.0,
    "support": 18.0
  },
  "Brute Force": {
    "precision": 0.8333333333333334,
    "recall": 0.7333333333333333,
    "f1-score": 0.7801418439716312,
    "support": 75.0
  },
  "DDoS": {
    "precision": 0.7608486017357763,
    "recall": 0.7712609970674487,
    "f1-score": 0.7660194174757281,
    "support": 1023.0
  },
  "DoS": {
    "precision": 0.8369795342272407,
    "recall": 0.7726384364820847,
    "f1-score": 0.8035230352303523,
    "support": 1535.0
  },
  "Normal Traffic": {
    "precision": 0.9321001838235294,
    "recall": 0.9765286470871449,
    "f1-score": 0.9537973195391488,
    "support": 16616.0
  },
  "Port Scanning": {
    "precision": 0.0,
    "recall": 0.0,
    "f1-score": 0.0,
    "support": 715.0
  },
  "Web Attacks": {
    "precision": 0.0,
    "recall": 0.0,
    "f1-score": 0.0,
    "support": 18.0
  },
  "accuracy": 0.9128,
  "macro avg": {
    "precision": 0.48046595044569707,
    "recall": 0.4648230591385731,
    "f1-score": 0.4719259451738372,
    "support": 20000.0
  },
  "weighted avg": {
    "precision": 0.8806694179513139,
    "recall": 0.9128,
    "f1-score": 0.8961926311458316,
    "support": 20000.0
  }
}