{
  "Bots": {
    "precision": 0.8888888888888888,
    "recall": 0.4444444444444444,
    "f1-score": 0.5925925925925926,
    "support": 18.0
  },
  "Brute Force": {
    "precision": 1.0,
    "recall": 1.0,
    "f1-score": 1.0,
    "support": 75.0
  },
  "DDoS": {
    "precision": 1.0,
    "recall": 0.9960899315738025,
    "f1-score": 0.9980411361410382,
    "support": 1023.0
  },
  "DoS": {
    "precision": 0.9993412384716732,
    "recall": 0.9882736156351791,
    "f1-score": 0.9937766131673763,
    "support": 1535.0
  },
  "Normal Traffic": {
    "precision": 0.9978972664463803,
    "recall": 0.9996389022628791,
    "f1-score": 0.9987673250954572,
    "support": 16616.0
  },
  "Port Scanning": {
    "precision": 0.9944289693593314,
    "recall": 0.9986013986013986,
    "f1-score": 0.9965108164689462,
    "support": 715.0
  },
  "Web Attacks": {
    "precision": 1.0,
    "recall": 0.8888888888888888,
    "f1-score": 0.9411764705882353,
    "support": 18.0
  },
  "accuracy": 0.99795,
  "macro avg": {
    "precision": 0.9829366233094677,
    "recall": 0.9022767402009418,
    "f1-score": 0.9315521362933781,
    "support": 20000.0
  },
  "weighted avg": {
    "precision": 0.9979033246709498,
    "recall": 0.99795,
    "f1-score": 0.9978537067091436,
    "support": 20000.0
  }
}